{"bart_prediction_cf_avg_score":-3.555485963821411,"_step":8,"bart_prediction_initial_avg_score":-4.307960033416748,"_runtime":29.777940975,"validation_dto_loss":2.8769655227661133,"bart_prediction_edited_avg_score":-4.083686351776123,"bart_prediction_original_avg_score":-3.902954339981079,"bart_edited_ending_cf_avg_score":-3.179546594619751,"training_dto_loss_epoch":1.6405656337738037,"_wandb":{"runtime":74},"bart_edited_ending_initial_avg_score":-4.107114315032959,"bart_edited_ending_original_avg_score":-2.291409730911255,"trainer/global_step":5,"_timestamp":1.739931300421288e+09,"epoch":2}