{"_wandb":{"runtime":60},"bart_prediction_initial_avg_score":-4.307960033416748,"bart_prediction_edited_avg_score":-4.083686351776123,"bart_prediction_original_avg_score":-3.902954339981079,"_timestamp":1.7399238842425747e+09,"_runtime":19.818286154,"bart_edited_ending_original_avg_score":-2.291409730911255,"bart_prediction_cf_avg_score":-3.555485963821411,"trainer/global_step":5,"epoch":2,"_step":8,"validation_dto_loss":2.8769655227661133,"bart_edited_ending_cf_avg_score":-3.179546594619751,"training_dto_loss_epoch":1.6405656337738037,"bart_edited_ending_initial_avg_score":-4.107114315032959}