{"_timestamp":1.7399245472975192e+09,"_step":8,"bart_prediction_initial_avg_score":-4.307960033416748,"_runtime":34.345908009,"bart_edited_ending_initial_avg_score":-4.107114315032959,"bart_prediction_edited_avg_score":-4.083686351776123,"bart_prediction_original_avg_score":-3.902954339981079,"bart_edited_ending_original_avg_score":-2.291409730911255,"epoch":2,"training_dto_loss_epoch":1.6405656337738037,"_wandb":{"runtime":76},"bart_edited_ending_cf_avg_score":-3.179546594619751,"validation_dto_loss":2.8769655227661133,"bart_prediction_cf_avg_score":-3.555485963821411,"trainer/global_step":5}