{"trainer/global_step":99,"_timestamp":1.7400055371126997e+09,"_runtime":109.958886466,"_step":1,"training_mle_loss_step":1.672432780265808,"training_mle_score_mean_step":-1.7374358177185059,"_wandb":{"runtime":132},"epoch":0}