{"bart_prediction_cf_avg_score":-3.555485963821411,"_runtime":26.56846963,"trainer/global_step":1,"_step":2,"bart_prediction_original_avg_score":-3.902954339981079,"epoch":0,"validation_dto_loss":2.8769655227661133,"_timestamp":1.739938608120118e+09,"bart_edited_ending_cf_avg_score":-3.179546594619751,"bart_edited_ending_original_avg_score":-2.291409730911255,"bart_prediction_initial_avg_score":-4.307960033416748,"_wandb":{"runtime":63},"bart_prediction_edited_avg_score":-4.083686351776123,"training_dto_loss_epoch":1.6405656337738037,"bart_edited_ending_initial_avg_score":-4.107114315032959}