{"training_dto_loss_epoch":1.2168705463409424,"bart_edited_ending_initial_avg_score":-4.107114315032959,"_wandb":{"runtime":87},"bart_prediction_cf_avg_score":-3.60544490814209,"_timestamp":1.7399397434282482e+09,"bart_edited_ending_original_avg_score":-2.291409730911255,"bart_prediction_original_avg_score":-3.8338499069213867,"bart_prediction_initial_avg_score":-4.257671356201172,"validation_dto_loss":2.787402391433716,"epoch":0,"trainer/global_step":1,"bart_prediction_edited_avg_score":-4.006628513336182,"_runtime":54.95057011,"_step":2,"bart_edited_ending_cf_avg_score":-3.179546594619751}